Model,RMSE,MAE
XGBoost,0.009908857747323162,0.00707430064470163
Tuned XGBoost,0.010119131235108582,0.007107127834574738
Random Forest,0.010230729524191972,0.00719560785616117
Baseline,0.010238106060225979,0.006923038015790218
Stacking,0.010465858698390547,0.00725838255004578
Extra Trees,0.010538006183742888,0.007469072715105986
Ridge,0.010577225478188002,0.007482997434973569
"GARCH(1,1)",0.10777481801184777,0.10082529667465252
